Nombre,Precio por noche,Precio por noche por viajero,Precio total,Precio total por viajero,Servicios,URL
Villa de playa moderna con estacionamiento y piscina privada,500 €,62.5,1.100 €,137.5,"- Wifi
- Zona para trabajar
- Aparcamiento gratuito en las instalaciones
- Piscina privada
- Admite mascotas
- TV
- Lavadora
- Aire acondicionado
- Chimenea interior
- No disponible: Detector de monóxido de carbono
Detector de monóxido de carbono",https://www.airbnb.es/rooms/45383305?adults=8&check_in=2025-06-17&check_out=2025-06-19&search_mode=regular_search&source_impression_id=p3_1744997400_P3C8vs4r826D9xYE&previous_page_section_name=1000
VB Camelia 5hab Villa Piscina Relax,347 €,43.375,919 €,114.875,"- Vistas al perfil urbano
- Vistas a la montaña
- Acceso compartido a la playa
- Cocina
- Wifi
- Zona para trabajar
- Aparcamiento gratuito en la entrada dentro de la propiedad: 1 plaza
- Piscina descubierta privada: disponible todo el año
- disponible en un horario específico
- TV
- No disponible: Detector de monóxido de carbono
Detector de monóxido de carbono",https://www.airbnb.es/rooms/1359261885730416011?adults=8&check_in=2025-06-17&check_out=2025-06-19&search_mode=regular_search&source_impression_id=p3_1744997400_P3pAuno64y7peJzz&previous_page_section_name=1000
Villa & Piscina climatizada junto a playa by REMS,555 €,69.375,1.293 €,161.625,"- Acceso compartido a la playa
- Cocina
- Wifi
- Zona para trabajar
- Aparcamiento gratuito en la propiedad: 2 plazas
- Piscina descubierta privada: disponible todo el año
- disponible las 24 horas
- climatizada
- TV
- Cámaras de seguridad en los exteriores de la propiedad
- No disponible: Detector de monóxido de carbono
Detector de monóxido de carbono
- No disponible: Detector de humo
Detector de humo",https://www.airbnb.es/rooms/934635677978237726?adults=8&check_in=2025-06-17&check_out=2025-06-19&search_mode=regular_search&source_impression_id=p3_1744997400_P3oJoM4toDTjsgmF&previous_page_section_name=1000
iloftmalaga Villa Niza,469 €,58.625,1.037 €,129.625,"- Cocina
- Wifi
- Aparcamiento gratuito en la calle
- Piscina
- TV
- Lavadora
- Aire acondicionado
- Bañera
- No disponible: Detector de monóxido de carbono
Detector de monóxido de carbono
- No disponible: Detector de humo
Detector de humo",https://www.airbnb.es/rooms/639673809073363004?adults=8&check_in=2025-06-17&check_out=2025-06-19&search_mode=regular_search&source_impression_id=p3_1744997400_P3tWT0UkHKHYqa83&previous_page_section_name=1000
Moderna villa en Playamar para 10,673 €,84.125,1.696 €,212.0,"- Cocina
- Wifi
- Aparcamiento gratuito en las instalaciones
- Piscina
- TV
- Lavadora
- Secadora
- Aire acondicionado
- Bañera
- No disponible: Detector de monóxido de carbono
Detector de monóxido de carbono",https://www.airbnb.es/rooms/1112855140318243118?adults=8&check_in=2025-06-17&check_out=2025-06-19&search_mode=regular_search&source_impression_id=p3_1744997400_P39iW9Hv98uRqGd9&previous_page_section_name=1000
Torremolinos 5 Rooms Playa,275 €,34.375,610 €,76.25,"- Acceso a la playa
- primera línea
- Cocina
- Wifi
- Aparcamiento gratuito en la calle
- Admite mascotas
- TV
- Ascensor
- Lavadora
- Aire acondicionado
- No disponible: Detector de monóxido de carbono
Detector de monóxido de carbono",https://www.airbnb.es/rooms/1370970386294488159?adults=8&check_in=2025-06-17&check_out=2025-06-19&search_mode=regular_search&source_impression_id=p3_1744997400_P3mNrm5yveMaevVu&previous_page_section_name=1000
Espacioso de lujo,290 €,36.25,1.358 €,169.75,"- Cocina
- Wifi
- Aparcamiento gratuito en las instalaciones
- Piscina
- Jacuzzi
- TV
- Ascensor
- Lavadora
- No disponible: Detector de monóxido de carbono
Detector de monóxido de carbono
- No disponible: Detector de humo
Detector de humo",https://www.airbnb.es/rooms/8842108?adults=8&check_in=2025-06-16&check_out=2025-06-20&search_mode=regular_search&children=0&infants=0&pets=0&source_impression_id=p3_1744997401_P3q6Ebuz5_DF4-qH&previous_page_section_name=1000
Apartamento deluxe Balcón del Mar,450 €,56.25,1.425 €,178.125,"- Vistas a la bahía
- Vistas al mar
- Acceso a la playa
- primera línea
- Cocina
- Wifi
- Zona para trabajar
- Aparcamiento gratuito en la calle
- Piscina
- No disponible: Detector de monóxido de carbono
Detector de monóxido de carbono
- No disponible: Detector de humo
Detector de humo",https://www.airbnb.es/rooms/727491718497975883?adults=8&check_in=2025-06-16&check_out=2025-06-19&search_mode=regular_search&children=0&infants=0&pets=0&source_impression_id=p3_1744997401_P3VtdJ_x1R1J3Jzs&previous_page_section_name=1000
Casa Terraza Piscina cerca de la playa,"Otros aspectos destacables
Para reservas de un mes o más, el inquilino paga electricidad. Para llegadas tardías después de las 21:00 h, se hará un cargo extra de 25 €",No Disponible,578 €,72.25,"- Vistas al jardín
- Acceso a la playa
- primera línea
- Cocina
- Wifi
- Zona para trabajar
- Piscina descubierta compartida: disponible según la temporada
- disponible en un horario específico
- Televisión de alta definición
- Lavadora en el alojamiento (Gratis)
- Aire acondicionado centralizado
- No disponible: Detector de monóxido de carbono
Detector de monóxido de carbono",https://www.airbnb.es/rooms/18411247?adults=8&check_in=2025-06-16&check_out=2025-06-19&search_mode=regular_search&children=0&infants=0&pets=0&source_impression_id=p3_1744997401_P3URZQv6g9KtIAX8&previous_page_section_name=1000
Atico triplex Oasis - piscina privada - vistas mar,698 €,87.25,3.409 €,426.125,"- Vistas al mar
- Vistas al mar
- Acceso compartido a la playa
- Cocina
- Wifi
- Zona para trabajar
- Aparcamiento gratuito en la propiedad: 2 plazas
- Piscina descubierta privada: disponible todo el año
- disponible las 24 horas
- en la azotea
- No disponible: Detector de monóxido de carbono
Detector de monóxido de carbono
- No disponible: Detector de humo
Detector de humo",https://www.airbnb.es/rooms/32381612?adults=8&check_in=2025-06-16&check_out=2025-06-20&search_mode=regular_search&children=0&infants=0&pets=0&source_impression_id=p3_1744997401_P3z2j2oXuZCD71x1&previous_page_section_name=1000
Casa Premium con Balcón en Benalmádena,241 €,30.125,966 €,120.75,"- Cocina
- Wifi
- Zona para trabajar
- Aparcamiento gratuito en las instalaciones
- TV
- Lavadora
- Secadora
- Aire acondicionado
- No disponible: Detector de monóxido de carbono
Detector de monóxido de carbono
- No disponible: Detector de humo
Detector de humo",https://www.airbnb.es/rooms/1186822589449884696?adults=8&check_in=2025-06-16&check_out=2025-06-19&search_mode=regular_search&children=0&infants=0&pets=0&source_impression_id=p3_1744997401_P3UTvBgByAOBUqOe&previous_page_section_name=1000
Cubo's Casa Moncayo del Aguila,531 €,66.375,2.124 €,265.5,"- Cocina
- Wifi
- Aparcamiento gratuito en la calle
- Piscina
- TV
- Lavadora
- Aire acondicionado
- Bañera
- No disponible: Detector de monóxido de carbono
Detector de monóxido de carbono
- No disponible: Detector de humo
Detector de humo",https://www.airbnb.es/rooms/966492645052135498?adults=8&check_in=2025-06-16&check_out=2025-06-20&search_mode=regular_search&children=0&infants=0&pets=0&source_impression_id=p3_1744997401_P35pgLPu-8AKQIrX&previous_page_section_name=1000
Piso con vistas al mar en Benalmádena by REMS,338 €,42.25,780 €,97.5,"- Vistas al mar
- Acceso a la playa
- primera línea
- Cocina
- Wifi
- Aparcamiento gratuito en las instalaciones
- TV
- Ascensor
- Lavadora
- No disponible: Detector de monóxido de carbono
Detector de monóxido de carbono
- No disponible: Detector de humo
Detector de humo",https://www.airbnb.es/rooms/1123143170778014629?adults=8&check_in=2025-06-17&check_out=2025-06-19&search_mode=regular_search&source_impression_id=p3_1744997400_P3cOW68lNPzyNsQn&previous_page_section_name=1000
Casa de Almano en la playa de Torremolinos,450 €,56.25,1.276 €,159.5,"- Vistas al mar
- Acceso compartido a la playa (primera línea)
- Cocina
- Wifi
- Zona para trabajar
- Aparcamiento gratuito en las instalaciones
- Piscina descubierta privada: disponible todo el año
- climatizada
- cubierta de piscina
- TV
- Lavadora
- No disponible: Detector de monóxido de carbono
Detector de monóxido de carbono",https://www.airbnb.es/rooms/646229062856815455?adults=8&check_in=2025-06-17&check_out=2025-06-19&search_mode=regular_search&source_impression_id=p3_1744997400_P3qSUumELt3nzISp&previous_page_section_name=1000
"Apartamento ideal en Puerto Marina, Benalmádena",196 €,24.5,392 €,49.0,"- Acceso a la playa
- primera línea
- Cocina
- Wifi
- Zona para trabajar
- Admite mascotas
- TV
- Lavadora
- Cámaras de seguridad en los exteriores de la propiedad
- No disponible: Detector de monóxido de carbono
Detector de monóxido de carbono
- No disponible: Detector de humo
Detector de humo",https://www.airbnb.es/rooms/1358147788275680786?adults=8&check_in=2025-06-17&check_out=2025-06-19&search_mode=regular_search&source_impression_id=p3_1744997400_P3yPyWft4zk_bUIB&previous_page_section_name=1000
Tu refugio en el centro de Benalmadena,161 €,20.125,322 €,40.25,"- Vistas al perfil urbano
- Costa
- Cocina
- Wifi
- Zona para trabajar
- Admite mascotas
- TV
- Lavadora
- No disponible: Detector de monóxido de carbono
Detector de monóxido de carbono
- No disponible: Detector de humo
Detector de humo",https://www.airbnb.es/rooms/1393690614035695001?adults=8&check_in=2025-06-17&check_out=2025-06-19&search_mode=regular_search&source_impression_id=p3_1744997400_P3TL90iXGFSq0JY-&previous_page_section_name=1000
Casa Beramendi,344 €,43.0,688 €,86.0,"- Vistas al jardín
- Vistas a la montaña
- Cocina
- Wifi
- Aparcamiento gratuito en la calle
- TV
- Lavadora
- Aire acondicionado
- No disponible: Detector de monóxido de carbono
Detector de monóxido de carbono
- No disponible: Detector de humo
Detector de humo",https://www.airbnb.es/rooms/40958491?adults=8&check_in=2025-06-17&check_out=2025-06-19&search_mode=regular_search&source_impression_id=p3_1744997400_P3XsVWUkN4byY2Rl&previous_page_section_name=1000
Canmarala,332 €,41.5,663 €,82.875,"- Vistas al jardín
- Vistas a la montaña
- Cocina
- Wifi
- Aparcamiento gratuito en las instalaciones
- Piscina
- TV
- Lavadora
- Aire acondicionado
- No disponible: Detector de monóxido de carbono
Detector de monóxido de carbono",https://www.airbnb.es/rooms/49897223?adults=8&check_in=2025-06-17&check_out=2025-06-19&search_mode=regular_search&source_impression_id=p3_1744997400_P3gaty_dhXZmlu0l&previous_page_section_name=1000
Villa Valentina - Renovada en la playa de Los Álamos,633 €,79.125,1.366 €,170.75,"- Acceso a la playa
- primera línea
- Cocina
- Wifi rápido (506 Mbps)
- Zona para trabajar
- Aparcamiento gratuito en la propiedad: 2 plazas
- Televisión de alta definición de 70 pulgadas con Netflix
- Lavadora en el alojamiento (Gratis)
- Secadora
- Sistema de aire acondicionado sin conductos tipo split
- Bañera",https://www.airbnb.es/rooms/1162131071104618187?adults=8&check_in=2025-06-17&check_out=2025-06-19&search_mode=regular_search&source_impression_id=p3_1744997400_P334iHNO_Xqs6G9f&previous_page_section_name=1000
GRAN Y MAGNÍFICO APARTAMENTO EN MÁLAGA CENTRO,110 €,13.75,328 €,41.0,"- Cocina
- Wifi
- Zona para trabajar
- Admite mascotas
- TV
- Ascensor
- Lavadora
- Aire acondicionado
- No disponible: Detector de monóxido de carbono
Detector de monóxido de carbono
- No disponible: Detector de humo
Detector de humo",https://www.airbnb.es/rooms/50398666?adults=8&check_in=2025-06-17&check_out=2025-06-19&search_mode=regular_search&source_impression_id=p3_1744997400_P3MLoYV7zbrKPtqH&previous_page_section_name=1000
Nogalera Terrace III - Solo adultos,608 €,76.0,1.215 €,151.875,"- Costa
- Cocina
- Wifi
- Piscina descubierta compartida: disponible según la temporada
- disponible en un horario específico
- TV
- Ascensor
- Lavadora
- Secadora
- No disponible: Detector de monóxido de carbono
Detector de monóxido de carbono
- No disponible: Detector de humo
Detector de humo",https://www.airbnb.es/rooms/37036304?adults=8&check_in=2025-06-17&check_out=2025-06-19&search_mode=regular_search&source_impression_id=p3_1744997400_P3737RfmI2EQ3vE1&previous_page_section_name=1000
Ático en primera línea de playa con playa «privada» y SPA,235 €,29.375,652 €,81.5,"- Vistas al perfil urbano
- Vistas al mar
- Acceso a la playa
- primera línea
- Cocina
- Wifi
- Aparcamiento gratuito en garaje en la propiedad
- Piscina descubierta compartida: disponible todo el año
- disponible las 24 horas
- Jacuzzi compartido: disponible todo el año
- disponible en un horario específico
- No disponible: Detector de monóxido de carbono
Detector de monóxido de carbono
- No disponible: Detector de humo
Detector de humo",https://www.airbnb.es/rooms/3263161?adults=8&check_in=2025-06-17&check_out=2025-06-19&search_mode=regular_search&source_impression_id=p3_1744997400_P3Pqt-gyA2UTo1IW&previous_page_section_name=1000
Kosta Homes - Moderno de dos dormitorios con terraza,154 €,19.25,358 €,44.75,"- Cocina
- Wifi
- Aparcamiento gratuito en garaje en la propiedad
- Admite mascotas
- TV
- Lavadora
- Secadora en el edificio (Gratis)
- Aire acondicionado
- Cuna
- Secador de pelo",https://www.airbnb.es/rooms/1267990694088091839?adults=8&check_in=2025-06-17&check_out=2025-06-19&search_mode=regular_search&source_impression_id=p3_1744997400_P3Ag3lYDXgg86dSe&previous_page_section_name=1000
Casa Pinos de Picasso,536 €,67.0,1.206 €,150.75,"- Vistas al jardín
- Vistas a la montaña
- Acceso compartido a la playa
- Cocina
- Wifi
- Zona para trabajar
- Aparcamiento gratuito en la entrada dentro de la propiedad: 3 plazas
- Piscina privada
- TV
- No disponible: Detector de monóxido de carbono
Detector de monóxido de carbono",https://www.airbnb.es/rooms/1079636164729668220?adults=8&check_in=2025-06-17&check_out=2025-06-19&search_mode=regular_search&source_impression_id=p3_1744997400_P3UQhxvhKgT8CZ8Q&previous_page_section_name=1000
